{"lowlevel.dissonance.mean": [0.700053334236145], "sfx.inharmonicity.mean": [0.8943779468536377], "lowlevel.spectral_contrast.mean": [[0.26623106002807617, 0.25954532623291016, 0.3152034282684326, 1.0992885828018188, 0.9975941181182861, 0.635408878326416]], "lowlevel.spectral_centroid.mean": [0.5205479860305786], "lowlevel.mfcc.mean": [[0.2267550230026245, 0.10029086470603943, 0.2174522578716278, 0.3815659284591675, 0.6622127294540405, 0.5864658355712891, 0.5924990177154541, 0.02707695960998535, 0.32863283157348633, 1.2288620471954346, 0.7087070941925049, -0.4392397403717041, 0.6706077456474304]], "sfx.logattacktime.mean": [0.3647669553756714], "lowlevel.hfc.mean": [0.48459476232528687]}