{"lowlevel.dissonance.mean": [0.09812819957733154], "sfx.inharmonicity.mean": [0.2737587094306946], "lowlevel.spectral_contrast.mean": [[1.1306121349334717, 0.9509274959564209, 1.134355902671814, 0.7422854900360107, 0.4912109375, 0.48091697692871094]], "lowlevel.spectral_centroid.mean": [0.34725087881088257], "lowlevel.mfcc.mean": [[0.5107269287109375, 0.7276666164398193, 0.28478094935417175, 0.29297059774398804, 0.09170752763748169, 0.24254553020000458, 0.5333454012870789, 0.39861589670181274, 0.18990746140480042, -0.07693803310394287, 0.1207965612411499, -0.26540035009384155, -0.4860914349555969]], "sfx.logattacktime.mean": [0.5501368641853333], "lowlevel.hfc.mean": [0.46843135356903076]}