{"lowlevel.dissonance.mean": [-0.16907072067260742], "sfx.inharmonicity.mean": [0.3268611431121826], "lowlevel.spectral_contrast.mean": [[0.7787095904350281, 1.24045729637146, 0.8348977565765381, 0.8182414770126343, 0.3292226791381836, 0.2901639938354492]], "lowlevel.spectral_centroid.mean": [0.3480466306209564], "lowlevel.mfcc.mean": [[0.3620721101760864, 0.7626587152481079, 0.5328282713890076, -0.07056373357772827, 0.09730154275894165, 0.22443434596061707, 0.0857132077217102, -0.13333016633987427, 0.1503705382347107, 0.5655911564826965, 0.7505331039428711, 0.6184191107749939, 0.46871280670166016]], "sfx.logattacktime.mean": [0.3811660706996918], "lowlevel.hfc.mean": [0.48516687750816345]}