{"lowlevel.dissonance.mean": [0.20753467082977295], "sfx.inharmonicity.mean": [0.3175903260707855], "lowlevel.spectral_contrast.mean": [[0.9688023328781128, 0.8820712566375732, 0.834703803062439, 0.6768989562988281, 0.5727047920227051, 0.6240086555480957]], "lowlevel.spectral_centroid.mean": [0.33646970987319946], "lowlevel.mfcc.mean": [[0.4677506685256958, 0.7559382915496826, 0.3975312411785126, 0.4644204378128052, 0.42988893389701843, 0.33001193404197693, 0.6465291976928711, 0.46053409576416016, 0.11959463357925415, 0.052893996238708496, 0.4792174994945526, 0.310319721698761, 0.19635701179504395]], "sfx.logattacktime.mean": [0.47163692116737366], "lowlevel.hfc.mean": [0.4664561450481415]}