{"lowlevel.dissonance.mean": [0.7329884767532349], "sfx.inharmonicity.mean": [1.2182823419570923], "lowlevel.spectral_contrast.mean": [[0.531885027885437, 0.4090615510940552, 0.49548304080963135, 0.6041669845581055, 0.6690769195556641, 0.8084182739257812]], "lowlevel.spectral_centroid.mean": [0.8284626007080078], "lowlevel.mfcc.mean": [[0.8091342449188232, -0.03691108524799347, 0.15617716312408447, 0.472642183303833, 0.3268014192581177, 0.43855634331703186, 0.12186115980148315, 0.5414669513702393, 0.33706310391426086, 0.6682219505310059, 1.002977967262268, 0.9515336751937866, 0.791983962059021]], "sfx.logattacktime.mean": [0.3339787721633911], "lowlevel.hfc.mean": [0.5375424027442932]}