{"lowlevel.dissonance.mean": [0.7451075315475464], "sfx.inharmonicity.mean": [1.094159722328186], "lowlevel.spectral_contrast.mean": [[0.5989036560058594, 0.3219221830368042, 0.43223297595977783, 0.6054420471191406, 0.5558297634124756, 0.68680739402771]], "lowlevel.spectral_centroid.mean": [0.655002236366272], "lowlevel.mfcc.mean": [[0.6404117345809937, 0.09005552530288696, 0.13060379028320312, 0.512498140335083, 0.4542984068393707, 0.5216389298439026, 0.24402788281440735, 0.6199263334274292, 0.5315806865692139, 0.870334804058075, 0.9175823926925659, 0.849413275718689, 0.8318217992782593]], "sfx.logattacktime.mean": [0.32158392667770386], "lowlevel.hfc.mean": [0.4731447994709015]}