{"lowlevel.dissonance.mean": [0.5693621635437012], "sfx.inharmonicity.mean": [0.4954114556312561], "lowlevel.spectral_contrast.mean": [[0.09036481380462646, 1.0985565185546875, 0.3751838207244873, 1.1221399307250977, 0.9327225685119629, 0.6634664535522461]], "lowlevel.spectral_centroid.mean": [0.5133269429206848], "lowlevel.mfcc.mean": [[0.2594548463821411, 0.1930856555700302, -0.039289265871047974, 0.3482065200805664, 0.30066394805908203, 0.22785747051239014, 0.4883980453014374, 0.40831005573272705, 0.6204150915145874, 0.773137629032135, 1.1755952835083008, 1.1330804824829102, 0.5190140008926392]], "sfx.logattacktime.mean": [0.33219999074935913], "lowlevel.hfc.mean": [0.465201735496521]}