{"lowlevel.dissonance.mean": [0.523340106010437], "sfx.inharmonicity.mean": [0.7873209714889526], "lowlevel.spectral_contrast.mean": [[0.11898016929626465, 0.9482369422912598, 0.9969654083251953, 0.9470187425613403, 0.8036231994628906, 0.5592796802520752]], "lowlevel.spectral_centroid.mean": [0.579468309879303], "lowlevel.mfcc.mean": [[0.23413431644439697, 0.23287495970726013, 0.02088567614555359, 0.274678111076355, 0.4568212628364563, 0.257283091545105, 0.31479811668395996, 0.3028053343296051, 0.4143078625202179, 0.4407857060432434, 0.8992425203323364, 1.099942922592163, 0.9842988848686218]], "sfx.logattacktime.mean": [0.43846237659454346], "lowlevel.hfc.mean": [0.465142160654068]}