{"lowlevel.dissonance.mean": [0.7071601152420044], "sfx.inharmonicity.mean": [0.8264884948730469], "lowlevel.spectral_contrast.mean": [[0.4185035228729248, 0.19336891174316406, 0.2761824131011963, 1.5185679197311401, 1.5023987293243408, 0.7992398738861084]], "lowlevel.spectral_centroid.mean": [0.5606162548065186], "lowlevel.mfcc.mean": [[0.26407575607299805, 0.002519741654396057, 0.11915230751037598, 0.605625569820404, 0.7397653460502625, 0.8140804767608643, 0.7425506711006165, 0.2975088953971863, -0.13106292486190796, 1.4169714450836182, 2.073758602142334, -0.5764095783233643, -0.6731139421463013]], "sfx.logattacktime.mean": [0.36121076345443726], "lowlevel.hfc.mean": [0.5087932348251343]}