{"lowlevel.dissonance.mean": [0.13008856773376465], "sfx.inharmonicity.mean": [0.2013893723487854], "lowlevel.spectral_contrast.mean": [[0.5395954847335815, 0.6321381330490112, 0.5760400295257568, 0.34475016593933105, 0.2734048366546631, 0.2830336093902588]], "lowlevel.spectral_centroid.mean": [0.3150475025177002], "lowlevel.mfcc.mean": [[0.2585653066635132, 0.6227928996086121, 0.828551173210144, 0.6078380942344666, 0.5036606192588806, 0.43699005246162415, 0.5587218403816223, 0.6031131744384766, 0.6299877166748047, 0.5102656483650208, 0.3843158483505249, 0.23481515049934387, 0.1700441837310791]], "sfx.logattacktime.mean": [0.27801138162612915], "lowlevel.hfc.mean": [0.4683254063129425]}