{"lowlevel.dissonance.mean": [0.7248492240905762], "sfx.inharmonicity.mean": [1.026958703994751], "lowlevel.spectral_contrast.mean": [[0.5698623657226562, 0.49398231506347656, 0.4647105932235718, 0.5692908763885498, 0.5891244411468506, 0.6456124782562256]], "lowlevel.spectral_centroid.mean": [0.6359045505523682], "lowlevel.mfcc.mean": [[0.6658326387405396, 0.1617685854434967, 0.16151845455169678, 0.5165202617645264, 0.4872809648513794, 0.6011478900909424, 0.4136970043182373, 0.3162863850593567, 0.28415316343307495, 0.7754023671150208, 0.7349640727043152, 0.50473952293396, 0.4048515856266022]], "sfx.logattacktime.mean": [0.23775166273117065], "lowlevel.hfc.mean": [0.4694596529006958]}