{"lowlevel.dissonance.mean": [0.6857329607009888], "sfx.inharmonicity.mean": [0.666813850402832], "lowlevel.spectral_contrast.mean": [[0.30165600776672363, 0.21205568313598633, 0.30448293685913086, 1.633680820465088, 1.3702787160873413, 0.9940071105957031]], "lowlevel.spectral_centroid.mean": [0.5088905692100525], "lowlevel.mfcc.mean": [[0.34969210624694824, -0.03502725064754486, 0.055020928382873535, 0.33760541677474976, 0.9625771045684814, 0.8459641933441162, 0.68918776512146, 0.22120246291160583, -0.27671128511428833, 1.292848825454712, 1.9082021713256836, -0.5381710529327393, -0.4080018401145935]], "sfx.logattacktime.mean": [0.4855448603630066], "lowlevel.hfc.mean": [0.539806604385376]}