{"lowlevel.dissonance.mean": [0.341249942779541], "sfx.inharmonicity.mean": [0.2317836433649063], "lowlevel.spectral_contrast.mean": [[1.0460577011108398, 0.8944791555404663, 0.9945743083953857, 0.8866821527481079, 0.6770832538604736, 0.5022158622741699]], "lowlevel.spectral_centroid.mean": [0.3384663164615631], "lowlevel.mfcc.mean": [[0.47416138648986816, 0.6500132083892822, 0.16006618738174438, 0.26927274465560913, 0.3569578528404236, 0.522429883480072, 0.5903085470199585, 0.15903908014297485, 0.11550939083099365, 0.27760279178619385, 0.06798291206359863, -0.4786931276321411, 0.0890672504901886]], "sfx.logattacktime.mean": [0.341295063495636], "lowlevel.hfc.mean": [0.46627354621887207]}