{"lowlevel.dissonance.mean": [0.7005318403244019], "sfx.inharmonicity.mean": [0.7991549968719482], "lowlevel.spectral_contrast.mean": [[0.22071504592895508, 0.25281405448913574, 0.28751516342163086, 1.2270656824111938, 0.8742380142211914, 0.6800973415374756]], "lowlevel.spectral_centroid.mean": [0.487848699092865], "lowlevel.mfcc.mean": [[0.2304534912109375, 0.11736336350440979, 0.18960189819335938, 0.2058718055486679, 0.7624232769012451, 0.7802072763442993, 0.584983229637146, -0.10068035125732422, 0.04540732502937317, 1.0414611101150513, 1.2533023357391357, -0.18334925174713135, -0.10603278875350952]], "sfx.logattacktime.mean": [0.5723970532417297], "lowlevel.hfc.mean": [0.4953477084636688]}