{"lowlevel.dissonance.mean": [0.31883716583251953], "sfx.inharmonicity.mean": [0.2549310326576233], "lowlevel.spectral_contrast.mean": [[0.44763171672821045, 0.6411890983581543, 0.6423853635787964, 0.3793630599975586, 0.3550429344177246, 0.30980944633483887]], "lowlevel.spectral_centroid.mean": [0.324759840965271], "lowlevel.mfcc.mean": [[0.23085737228393555, 0.46542224287986755, 0.6260912418365479, 0.5203580856323242, 0.46867209672927856, 0.4090802073478699, 0.5802252292633057, 0.6731945276260376, 0.6671609878540039, 0.5241547226905823, 0.464089572429657, 0.4801146984100342, 0.6991719603538513]], "sfx.logattacktime.mean": [0.28447654843330383], "lowlevel.hfc.mean": [0.47219038009643555]}