{"lowlevel.dissonance.mean": [0.7241270542144775], "sfx.inharmonicity.mean": [0.8464604616165161], "lowlevel.spectral_contrast.mean": [[0.33961665630340576, 0.21335697174072266, 0.2627754211425781, 1.731627345085144, 1.2754991054534912, 1.184675693511963]], "lowlevel.spectral_centroid.mean": [0.5308286547660828], "lowlevel.mfcc.mean": [[0.31540513038635254, -0.09429283440113068, 0.1591363251209259, 0.5038754343986511, 0.8408331274986267, 0.9140873551368713, 0.4906560480594635, -0.2531101703643799, 0.6271665692329407, 1.7250853776931763, 1.1759488582611084, -1.126812219619751, 0.0752926766872406]], "sfx.logattacktime.mean": [0.37999677658081055], "lowlevel.hfc.mean": [0.5107080340385437]}