{"lowlevel.dissonance.mean": [0.4567382335662842], "sfx.inharmonicity.mean": [0.4919755458831787], "lowlevel.spectral_contrast.mean": [[0.09912323951721191, 0.9881529808044434, 1.115085244178772, 1.0978503227233887, 1.0467416048049927, 0.7347159385681152]], "lowlevel.spectral_centroid.mean": [0.5121035575866699], "lowlevel.mfcc.mean": [[0.3042560815811157, 0.20553235709667206, -0.12414613366127014, 0.3541735112667084, 0.3221680819988251, 0.2809584140777588, 0.4908772110939026, 0.4104538559913635, 0.2720050811767578, 0.1528361439704895, 0.8720287084579468, 0.8905045390129089, 0.8355341553688049]], "sfx.logattacktime.mean": [0.3815572261810303], "lowlevel.hfc.mean": [0.4652714729309082]}