{"lowlevel.dissonance.mean": [0.4493999481201172], "sfx.inharmonicity.mean": [0.6138314604759216], "lowlevel.spectral_contrast.mean": [[0.287585973739624, 0.25721096992492676, 1.6616432666778564, 1.594820499420166, 1.0741310119628906, 0.7278401851654053]], "lowlevel.spectral_centroid.mean": [0.47453415393829346], "lowlevel.mfcc.mean": [[0.45163285732269287, 0.06891657412052155, -0.0743996798992157, 0.2512844204902649, 0.5431593656539917, 0.5327587723731995, 0.7743009328842163, 1.1866304874420166, 0.9548943042755127, -0.3776322603225708, -0.4577367901802063, 0.5804949402809143, 1.8750990629196167]], "sfx.logattacktime.mean": [0.528796374797821], "lowlevel.hfc.mean": [0.5614151954650879]}