{"lowlevel.dissonance.mean": [0.3636826276779175], "sfx.inharmonicity.mean": [0.5531554222106934], "lowlevel.spectral_contrast.mean": [[0.2766435146331787, 0.21614432334899902, 1.6592488288879395, 0.8974901437759399, 1.5988472700119019, 0.7912330627441406]], "lowlevel.spectral_centroid.mean": [0.47196441888809204], "lowlevel.mfcc.mean": [[0.37533342838287354, 0.16495391726493835, -0.1678222119808197, 0.31485408544540405, 0.5463895201683044, 0.6441347599029541, 1.16648530960083, 0.9281397461891174, 0.40083640813827515, -0.4614831209182739, -0.4296184182167053, 1.7233902215957642, 2.201857566833496]], "sfx.logattacktime.mean": [0.38760891556739807], "lowlevel.hfc.mean": [0.5636499524116516]}