{"lowlevel.dissonance.mean": [0.3521716594696045], "sfx.inharmonicity.mean": [0.26331886649131775], "lowlevel.spectral_contrast.mean": [[0.7346565127372742, 1.1222745180130005, 0.8968440294265747, 0.968031644821167, 1.118799090385437, 0.6229288578033447]], "lowlevel.spectral_centroid.mean": [0.37311261892318726], "lowlevel.mfcc.mean": [[0.5551279783248901, 0.7030216455459595, 0.19019457697868347, 0.890805184841156, 0.3250265121459961, -0.24321871995925903, 0.5945860147476196, 0.02299317717552185, 0.06085205078125, 0.314067542552948, 0.031235575675964355, 0.17812711000442505, 0.19439154863357544]], "sfx.logattacktime.mean": [0.48434996604919434], "lowlevel.hfc.mean": [0.46723777055740356]}