{"lowlevel.dissonance.mean": [0.7486017942428589], "sfx.inharmonicity.mean": [0.7711708545684814], "lowlevel.spectral_contrast.mean": [[0.6291651129722595, 0.3288222551345825, 0.3925349712371826, 0.5486660003662109, 0.5800049304962158, 0.6739006042480469]], "lowlevel.spectral_centroid.mean": [0.6430642604827881], "lowlevel.mfcc.mean": [[0.5993427038192749, 0.0683191642165184, 0.1721625030040741, 0.5793504118919373, 0.45219680666923523, 0.48472270369529724, 0.36493951082229614, 0.7699141502380371, 0.5782208442687988, 0.8234360218048096, 0.8875834941864014, 0.8790563344955444, 0.8110526204109192]], "sfx.logattacktime.mean": [0.33331555128097534], "lowlevel.hfc.mean": [0.48304107785224915]}