{"lowlevel.dissonance.mean": [0.7161575555801392], "sfx.inharmonicity.mean": [0.6253421902656555], "lowlevel.spectral_contrast.mean": [[0.24730312824249268, 0.23970282077789307, 0.3037283420562744, 1.4364324808120728, 1.0005147457122803, 0.6667277812957764]], "lowlevel.spectral_centroid.mean": [0.5075169205665588], "lowlevel.mfcc.mean": [[0.22450566291809082, 0.06065136939287186, 0.1333787739276886, 0.4316122531890869, 0.7693262100219727, 0.765792191028595, 0.23790574073791504, -0.1347123384475708, 0.7599303126335144, 1.6366071701049805, 0.0028208494186401367, -0.6933485269546509, 1.5159928798675537]], "sfx.logattacktime.mean": [0.43660038709640503], "lowlevel.hfc.mean": [0.4907926023006439]}