{"lowlevel.dissonance.mean": [0.6397173404693604], "sfx.inharmonicity.mean": [0.3959728479385376], "lowlevel.spectral_contrast.mean": [[0.6018087863922119, 0.2294865846633911, 0.31630539894104004, 0.5649044513702393, 0.5192158222198486, 0.42934346199035645]], "lowlevel.spectral_centroid.mean": [0.35401812195777893], "lowlevel.mfcc.mean": [[0.20471060276031494, 0.33777451515197754, 0.6111557483673096, 0.6110061407089233, 0.7012998461723328, 0.7785917520523071, 0.8508845567703247, 0.6873235702514648, 0.6988776326179504, 1.0264755487442017, 1.022098183631897, 0.3588891625404358, 0.35699716210365295]], "sfx.logattacktime.mean": [0.26135343313217163], "lowlevel.hfc.mean": [0.47766074538230896]}