{"lowlevel.dissonance.mean": [0.2240084409713745], "sfx.inharmonicity.mean": [0.2750495374202728], "lowlevel.spectral_contrast.mean": [[0.45230185985565186, 0.49054455757141113, 0.33583664894104004, 0.2691762447357178, 0.24875259399414062, 0.2806665897369385]], "lowlevel.spectral_centroid.mean": [0.3246228098869324], "lowlevel.mfcc.mean": [[0.17564260959625244, 0.41710543632507324, 0.7709919214248657, 0.7541882991790771, 0.8157883882522583, 0.719639241695404, 0.7038336992263794, 0.5254290103912354, 0.4396436810493469, 0.35157322883605957, 0.29216647148132324, 0.3168281316757202, 0.3887709677219391]], "sfx.logattacktime.mean": [0.14682599902153015], "lowlevel.hfc.mean": [0.4654221832752228]}