{"lowlevel.dissonance.mean": [-0.014573454856872559], "sfx.inharmonicity.mean": [0.22057399153709412], "lowlevel.spectral_contrast.mean": [[0.8937921524047852, 0.655463457107544, 0.6011333465576172, 0.6531174182891846, 0.45037412643432617, 0.28420543670654297]], "lowlevel.spectral_centroid.mean": [0.3132319450378418], "lowlevel.mfcc.mean": [[0.33087825775146484, 0.7872265577316284, 0.8668150305747986, 0.5621099472045898, 0.5523455142974854, 0.4048330783843994, 0.30846458673477173, 0.1628604233264923, 0.2141115963459015, 0.34059685468673706, 0.36506187915802, 0.14985835552215576, -0.018795907497406006]], "sfx.logattacktime.mean": [0.23751261830329895], "lowlevel.hfc.mean": [0.46563634276390076]}