{"lowlevel.dissonance.mean": [0.3111579418182373], "sfx.inharmonicity.mean": [0.6201620101928711], "lowlevel.spectral_contrast.mean": [[0.2600146532058716, 0.19748258590698242, 1.576979160308838, 1.4295636415481567, 1.1536860466003418, 0.46796536445617676]], "lowlevel.spectral_centroid.mean": [0.43652695417404175], "lowlevel.mfcc.mean": [[0.3887450695037842, 0.3377681374549866, -0.2188396155834198, 0.08171200752258301, 0.4517853856086731, 0.4630792737007141, 0.6287908554077148, 1.1979175806045532, 1.397475242614746, 0.637942910194397, -0.2685636878013611, -0.7702288627624512, 0.048131853342056274]], "sfx.logattacktime.mean": [0.28914394974708557], "lowlevel.hfc.mean": [0.5249828696250916]}