{"lowlevel.dissonance.mean": [-0.1849697232246399], "sfx.inharmonicity.mean": [0.2030068337917328], "lowlevel.spectral_contrast.mean": [[0.8984756469726562, 0.6938797235488892, 0.5644913911819458, 0.559516429901123, 0.357515811920166, 0.23739242553710938]], "lowlevel.spectral_centroid.mean": [0.3102719783782959], "lowlevel.mfcc.mean": [[0.30423545837402344, 0.7655569314956665, 0.9542683362960815, 0.7007749080657959, 0.6491585373878479, 0.47785231471061707, 0.37311917543411255, 0.23536166548728943, 0.22205838561058044, 0.28759485483169556, 0.46366989612579346, 0.37379634380340576, 0.03747895359992981]], "sfx.logattacktime.mean": [0.23037511110305786], "lowlevel.hfc.mean": [0.4659792482852936]}