{"lowlevel.dissonance.mean": [0.09025406837463379], "sfx.inharmonicity.mean": [0.267234206199646], "lowlevel.spectral_contrast.mean": [[1.0471878051757812, 1.0685522556304932, 1.2684599161148071, 1.173722267150879, 0.9081518650054932, 0.755826473236084]], "lowlevel.spectral_centroid.mean": [0.37319713830947876], "lowlevel.mfcc.mean": [[0.6744781732559204, 0.7057788372039795, 0.16060349345207214, 0.3208787441253662, 0.07197612524032593, 0.5903176069259644, 0.6689951419830322, 0.38683775067329407, 0.26611948013305664, 0.4196399748325348, 0.04006960988044739, -0.13514941930770874, 0.13558277487754822]], "sfx.logattacktime.mean": [0.431801974773407], "lowlevel.hfc.mean": [0.4771404266357422]}