{"lowlevel.dissonance.mean": [0.36293303966522217], "sfx.inharmonicity.mean": [0.3453907370567322], "lowlevel.spectral_contrast.mean": [[0.7574678659439087, 1.0684561729431152, 0.8538155555725098, 0.8878793716430664, 1.12638258934021, 0.5704214572906494]], "lowlevel.spectral_centroid.mean": [0.3782743215560913], "lowlevel.mfcc.mean": [[0.5459936857223511, 0.7156468629837036, 0.2178308665752411, 0.8902197480201721, 0.3903324604034424, -0.3102537989616394, 0.5098817348480225, 0.16746973991394043, 0.11865061521530151, 0.22408220171928406, -0.032475829124450684, 0.20627149939537048, 0.253966748714447]], "sfx.logattacktime.mean": [0.5504393577575684], "lowlevel.hfc.mean": [0.4668675661087036]}