{"lowlevel.dissonance.mean": [0.7104380130767822], "sfx.inharmonicity.mean": [0.8416149616241455], "lowlevel.spectral_contrast.mean": [[0.35544443130493164, 0.22787845134735107, 0.2719569206237793, 1.4440832138061523, 1.245471715927124, 0.8065509796142578]], "lowlevel.spectral_centroid.mean": [0.5282901525497437], "lowlevel.mfcc.mean": [[0.34816086292266846, -0.0047281235456466675, 0.16632768511772156, 0.3108401894569397, 0.742919385433197, 0.7536702156066895, 0.6621535420417786, 0.06223222613334656, 0.014169782400131226, 1.54651939868927, 1.5649614334106445, -0.5020349621772766, -0.19501811265945435]], "sfx.logattacktime.mean": [0.30217358469963074], "lowlevel.hfc.mean": [0.5011231303215027]}