{"lowlevel.dissonance.mean": [0.7451775074005127], "sfx.inharmonicity.mean": [1.008548378944397], "lowlevel.spectral_contrast.mean": [[0.5767613649368286, 0.5716835260391235, 0.4793403148651123, 0.5914087295532227, 0.6380143165588379, 0.943497896194458]], "lowlevel.spectral_centroid.mean": [0.6932398080825806], "lowlevel.mfcc.mean": [[0.6499607563018799, 0.08699297904968262, 0.06162905693054199, 0.6691490411758423, 0.37087345123291016, 0.47669363021850586, 0.3402445912361145, 0.6184412240982056, 0.40332943201065063, 0.5904260873794556, 0.8677178621292114, 1.0193324089050293, 1.1091426610946655]], "sfx.logattacktime.mean": [0.3150560259819031], "lowlevel.hfc.mean": [0.5077547430992126]}