{"lowlevel.dissonance.mean": [0.6703813076019287], "sfx.inharmonicity.mean": [0.8884503841400146], "lowlevel.spectral_contrast.mean": [[0.2275151014328003, 0.2796109914779663, 0.31454896926879883, 1.1170361042022705, 1.0886495113372803, 0.6896564960479736]], "lowlevel.spectral_centroid.mean": [0.5246337652206421], "lowlevel.mfcc.mean": [[0.2239004373550415, 0.11124950647354126, 0.1651684045791626, 0.3660854697227478, 0.6957316398620605, 0.6377891302108765, 0.5840480327606201, 0.2884950041770935, -0.25662750005722046, 0.9057377576828003, 1.4855406284332275, -0.23085081577301025, -0.32670581340789795]], "sfx.logattacktime.mean": [0.5405724048614502], "lowlevel.hfc.mean": [0.47624677419662476]}