{"lowlevel.dissonance.mean": [-0.19072949886322021], "sfx.inharmonicity.mean": [0.22640520334243774], "lowlevel.spectral_contrast.mean": [[0.768790066242218, 1.3314878940582275, 1.083444595336914, 0.7652286291122437, 0.45296406745910645, 0.32614898681640625]], "lowlevel.spectral_centroid.mean": [0.3443807363510132], "lowlevel.mfcc.mean": [[0.40537118911743164, 0.8188515901565552, 0.48269790410995483, -0.08116403222084045, 0.1497226059436798, 0.16549503803253174, 0.06488186120986938, 0.01723766326904297, 0.2839169502258301, 0.5559525489807129, 0.6201491951942444, 0.39995455741882324, 0.30226677656173706]], "sfx.logattacktime.mean": [0.442476749420166], "lowlevel.hfc.mean": [0.47812870144844055]}