{"lowlevel.dissonance.mean": [0.37601661682128906], "sfx.inharmonicity.mean": [0.3434496223926544], "lowlevel.spectral_contrast.mean": [[0.6985017657279968, 1.1762511730194092, 0.8808027505874634, 0.9859147071838379, 1.1689751148223877, 0.6894662380218506]], "lowlevel.spectral_centroid.mean": [0.3971647322177887], "lowlevel.mfcc.mean": [[0.5756932497024536, 0.6734523773193359, 0.09443464875221252, 0.8459991216659546, 0.13789236545562744, -0.23651939630508423, 0.7891662120819092, -0.06305146217346191, 0.05894815921783447, 0.38685232400894165, 0.0025960206985473633, 0.16741430759429932, -0.038613080978393555]], "sfx.logattacktime.mean": [0.5205466747283936], "lowlevel.hfc.mean": [0.4673623740673065]}