{"lowlevel.dissonance.mean": [0.5464788675308228], "sfx.inharmonicity.mean": [1.5422643423080444], "lowlevel.spectral_contrast.mean": [[0.15421617031097412, 1.0035699605941772, 1.1136468648910522, 1.0918405055999756, 1.0062096118927002, 0.7578005790710449]], "lowlevel.spectral_centroid.mean": [0.5391290187835693], "lowlevel.mfcc.mean": [[0.3659456968307495, 0.27934691309928894, -0.11312118172645569, 0.33365118503570557, 0.290960431098938, 0.22416242957115173, 0.22579056024551392, 0.25723326206207275, 0.09722232818603516, 0.0006047487258911133, 0.4430980086326599, 0.39087167382240295, 0.6630327701568604]], "sfx.logattacktime.mean": [0.3753019869327545], "lowlevel.hfc.mean": [0.465261846780777]}