{"lowlevel.dissonance.mean": [-0.22255617380142212], "sfx.inharmonicity.mean": [0.27035102248191833], "lowlevel.spectral_contrast.mean": [[0.758213460445404, 1.4135128259658813, 1.137939453125, 0.9991582632064819, 0.5529665946960449, 0.3412017822265625]], "lowlevel.spectral_centroid.mean": [0.3451390266418457], "lowlevel.mfcc.mean": [[0.41830945014953613, 0.8060895204544067, 0.3836676776409149, -0.21603769063949585, 0.039411574602127075, 0.08793801069259644, -0.05984151363372803, -0.0007867515087127686, 0.4438554644584656, 0.6362887024879456, 0.731559693813324, 0.6759920716285706, 0.46989041566848755]], "sfx.logattacktime.mean": [0.4400838017463684], "lowlevel.hfc.mean": [0.5023561716079712]}