{"lowlevel.dissonance.mean": [0.656186580657959], "sfx.inharmonicity.mean": [0.7788089513778687], "lowlevel.spectral_contrast.mean": [[0.37431633472442627, 0.26524245738983154, 0.323392391204834, 1.537737488746643, 1.3573147058486938, 1.0054383277893066]], "lowlevel.spectral_centroid.mean": [0.5247384309768677], "lowlevel.mfcc.mean": [[0.339235782623291, -0.01902507245540619, 0.029226958751678467, 0.39318087697029114, 0.9486128091812134, 0.9516270160675049, 0.6978045105934143, 0.263264536857605, -0.2851565480232239, 1.2667303085327148, 1.616746187210083, 0.6074526309967041, -1.2182494401931763]], "sfx.logattacktime.mean": [0.6609245538711548], "lowlevel.hfc.mean": [0.4924299716949463]}