{"lowlevel.dissonance.mean": [-0.1546676754951477], "sfx.inharmonicity.mean": [0.21749401092529297], "lowlevel.spectral_contrast.mean": [[0.7383673787117004, 0.6293718814849854, 0.38839948177337646, 0.2965810298919678, 0.24753737449645996, 0.2459409236907959]], "lowlevel.spectral_centroid.mean": [0.31367307901382446], "lowlevel.mfcc.mean": [[0.20345604419708252, 0.5444140434265137, 0.8456125259399414, 0.7118189334869385, 0.6746078729629517, 0.502211332321167, 0.4088054895401001, 0.2789607346057892, 0.23628172278404236, 0.1825912892818451, 0.2267601490020752, 0.1993371546268463, 0.19633427262306213]], "sfx.logattacktime.mean": [0.20595139265060425], "lowlevel.hfc.mean": [0.4670616388320923]}