{"lowlevel.dissonance.mean": [0.22847187519073486], "sfx.inharmonicity.mean": [0.25499227643013], "lowlevel.spectral_contrast.mean": [[0.9105944633483887, 1.0590574741363525, 0.9387749433517456, 0.9053345918655396, 1.093515157699585, 0.3649265766143799]], "lowlevel.spectral_centroid.mean": [0.3479521572589874], "lowlevel.mfcc.mean": [[0.5085687637329102, 0.7836160659790039, 0.3488674759864807, 0.8014758229255676, 0.6501703262329102, -0.3574724793434143, 0.15528914332389832, 0.40361934900283813, 0.1383088231086731, 0.02646005153656006, -0.04874211549758911, 0.18720963597297668, 0.41335731744766235]], "sfx.logattacktime.mean": [0.3442515432834625], "lowlevel.hfc.mean": [0.4665186405181885]}